,날짜,요일,일간 조회수,views,hour
0,2025-09-27,토,19,0,0
1,2025-09-06,토,23,0,0
2,2025-09-07,일,24,0,0
3,2025-09-08,월,62,1,0
4,2025-09-09,화,53,0,0
5,2025-09-10,수,55,1,0
6,2025-09-11,목,63,1,0
7,2025-09-12,금,56,2,0
8,2025-09-13,토,17,1,0
9,2025-09-14,일,32,1,0
10,2025-09-15,월,43,3,0
11,2025-09-16,화,52,1,0
12,2025-09-17,수,37,0,0
13,2025-09-18,목,52,1,0
14,2025-09-19,금,42,2,0
15,2025-09-20,토,30,1,0
16,2025-09-21,일,27,1,0
17,2025-09-22,월,55,2,0
18,2025-09-23,화,38,1,0
19,2025-09-24,수,43,2,0
20,2025-09-05,금,40,1,0
21,2025-09-03,수,52,0,0
22,2025-09-02,화,41,0,0
23,2025-09-01,월,48,5,0
24,2025-08-12,화,0,0,0
25,2025-08-13,수,0,0,0
26,2025-08-14,목,74,7,0
27,2025-08-15,금,26,0,0
28,2025-08-16,토,27,1,0
29,2025-08-17,일,26,1,0
30,2025-08-18,월,46,1,0
31,2025-08-19,화,68,4,0
32,2025-08-20,수,71,1,0
33,2025-09-25,목,33,2,0
34,2025-08-21,목,69,3,0
35,2025-08-23,토,26,0,0
36,2025-08-24,일,45,3,0
37,2025-08-25,월,47,1,0
38,2025-08-26,화,75,1,0
39,2025-08-27,수,69,1,0
40,2025-08-28,목,63,0,0
41,2025-08-29,금,45,0,0
42,2025-08-30,토,20,1,0
43,2025-08-31,일,21,0,0
44,2025-08-22,금,45,5,0
45,2025-09-26,금,19,0,0
46,2025-09-04,목,45,1,0
47,2025-09-29,월,39,0,0
48,2025-10-23,목,44,0,0
49,2025-10-24,금,25,0,0
50,2025-10-25,토,23,2,0
51,2025-10-26,일,30,2,0
52,2025-10-27,월,54,1,0
53,2025-10-28,화,39,1,0
54,2025-10-29,수,32,0,0
55,2025-10-30,목,39,0,0
56,2025-10-31,금,32,1,0
57,2025-10-22,수,41,0,0
58,2025-11-01,토,18,0,0
59,2025-11-03,월,26,0,0
60,2025-11-04,화,39,1,0
61,2025-11-05,수,66,0,0
62,2025-11-06,목,54,0,0
63,2025-11-07,금,65,0,0
64,2025-11-08,토,38,0,0
65,2025-11-09,일,36,0,0
66,2025-11-10,월,73,1,0
67,2025-09-28,일,28,2,0
68,2025-11-02,일,13,0,0
69,2025-10-21,화,57,0,0
70,2025-11-11,화,55,0,0
71,2025-10-05,일,16,0,0
72,2025-09-30,화,46,0,0
73,2025-10-01,수,71,2,0
74,2025-10-02,목,55,1,0
75,2025-10-03,금,16,0,0
76,2025-10-04,토,19,2,0
77,2025-10-20,월,55,2,0
78,2025-10-06,월,24,0,0
79,2025-10-07,화,23,1,0
80,2025-10-09,목,40,0,0
81,2025-10-08,수,27,2,0
82,2025-10-11,토,37,0,0
83,2025-10-12,일,35,2,0
84,2025-10-13,월,93,4,0
85,2025-10-14,화,63,0,0
86,2025-10-15,수,70,0,0
87,2025-10-16,목,56,3,0
88,2025-10-17,금,42,0,0
89,2025-10-18,토,30,1,0
90,2025-10-19,일,27,4,0
91,2025-10-10,금,45,3,0
92,2025-10-13,월,93,1,1
93,2025-10-11,토,37,0,1
94,2025-10-12,일,35,2,1
95,2025-10-14,화,63,1,1
96,2025-09-29,월,39,1,1
97,2025-10-16,목,56,1,1
98,2025-10-17,금,42,1,1
99,2025-10-18,토,30,1,1
100,2025-10-15,수,70,3,1
101,2025-10-10,금,45,0,1
102,2025-09-30,화,46,1,1
103,2025-10-08,수,27,0,1
104,2025-10-07,화,23,1,1
105,2025-10-06,월,24,1,1
106,2025-10-05,일,16,0,1
107,2025-10-04,토,19,2,1
108,2025-10-03,금,16,0,1
109,2025-10-02,목,55,2,1
110,2025-10-01,수,71,4,1
111,2025-10-19,일,27,3,1
112,2025-10-09,목,40,0,1
113,2025-10-20,월,55,2,1
114,2025-10-31,금,32,0,1
115,2025-10-22,수,41,1,1
116,2025-11-11,화,55,2,1
117,2025-11-10,월,73,1,1
118,2025-11-09,일,36,2,1
119,2025-11-08,토,38,0,1
120,2025-11-07,금,65,0,1
121,2025-11-06,목,54,0,1
122,2025-11-05,수,66,2,1
123,2025-11-04,화,39,2,1
124,2025-11-03,월,26,0,1
125,2025-11-02,일,13,0,1
126,2025-11-01,토,18,0,1
127,2025-10-30,목,39,0,1
128,2025-10-29,수,32,2,1
129,2025-10-28,화,39,0,1
130,2025-10-27,월,54,2,1
131,2025-10-26,일,30,0,1
132,2025-10-25,토,23,0,1
133,2025-10-24,금,25,0,1
134,2025-10-23,목,44,0,1
135,2025-10-21,화,57,1,1
136,2025-09-27,토,19,0,1
137,2025-09-28,일,28,0,1
138,2025-08-12,화,0,0,1
139,2025-09-01,월,48,0,1
140,2025-08-31,일,21,0,1
141,2025-08-30,토,20,1,1
142,2025-08-29,금,45,0,1
143,2025-08-28,목,63,0,1
144,2025-08-27,수,69,0,1
145,2025-08-26,화,75,4,1
146,2025-08-25,월,47,1,1
147,2025-08-23,토,26,0,1
148,2025-09-02,화,41,0,1
149,2025-08-22,금,45,3,1
150,2025-08-20,수,71,1,1
151,2025-08-19,화,68,2,1
152,2025-08-18,월,46,3,1
153,2025-08-17,일,26,0,1
154,2025-08-16,토,27,1,1
155,2025-08-15,금,26,0,1
156,2025-08-14,목,74,3,1
157,2025-08-13,수,0,0,1
158,2025-09-26,금,19,0,1
159,2025-08-21,목,69,1,1
160,2025-09-03,수,52,0,1
161,2025-08-24,일,45,0,1
162,2025-09-05,금,40,1,1
163,2025-09-04,목,45,0,1
164,2025-09-24,수,43,3,1
165,2025-09-23,화,38,1,1
166,2025-09-22,월,55,0,1
167,2025-09-21,일,27,1,1
168,2025-09-20,토,30,2,1
169,2025-09-18,목,52,0,1
170,2025-09-17,수,37,1,1
171,2025-09-16,화,52,1,1
172,2025-09-15,월,43,1,1
173,2025-09-19,금,42,0,1
174,2025-09-25,목,33,0,1
175,2025-09-14,일,32,0,1
176,2025-09-07,일,24,0,1
177,2025-09-08,월,62,1,1
178,2025-09-09,화,53,1,1
179,2025-09-06,토,23,1,1
180,2025-09-11,목,63,2,1
181,2025-09-12,금,56,1,1
182,2025-09-13,토,17,0,1
183,2025-09-10,수,55,1,1
184,2025-10-12,일,35,0,2
185,2025-10-19,일,27,0,2
186,2025-10-18,토,30,0,2
187,2025-10-17,금,42,0,2
188,2025-10-16,목,56,1,2
189,2025-10-15,수,70,2,2
190,2025-10-14,화,63,0,2
191,2025-10-13,월,93,0,2
192,2025-10-11,토,37,1,2
193,2025-10-01,수,71,0,2
194,2025-10-09,목,40,0,2
195,2025-10-08,수,27,0,2
196,2025-10-07,화,23,0,2
197,2025-10-06,월,24,0,2
198,2025-10-05,일,16,1,2
199,2025-10-04,토,19,1,2
200,2025-10-03,금,16,1,2
201,2025-10-02,목,55,1,2
202,2025-10-20,월,55,4,2
203,2025-10-10,금,45,0,2
204,2025-10-21,화,57,0,2
205,2025-08-12,화,0,0,2
206,2025-10-23,목,44,0,2
207,2025-09-30,화,46,0,2
208,2025-11-11,화,55,0,2
209,2025-11-10,월,73,1,2
210,2025-11-09,일,36,0,2
211,2025-11-08,토,38,1,2
212,2025-11-07,금,65,0,2
213,2025-11-06,목,54,2,2
214,2025-11-05,수,66,0,2
215,2025-11-04,화,39,0,2
216,2025-10-22,수,41,0,2
217,2025-11-03,월,26,0,2
218,2025-11-01,토,18,1,2
219,2025-10-31,금,32,0,2
220,2025-10-30,목,39,1,2
221,2025-10-29,수,32,0,2
222,2025-10-28,화,39,1,2
223,2025-10-27,월,54,0,2
224,2025-10-26,일,30,1,2
225,2025-10-25,토,23,0,2
226,2025-10-24,금,25,0,2
227,2025-11-02,일,13,0,2
228,2025-09-29,월,39,1,2
229,2025-09-07,일,24,0,2
230,2025-09-28,일,28,0,2
231,2025-09-02,화,41,1,2
232,2025-09-01,월,48,0,2
233,2025-08-31,일,21,0,2
234,2025-08-30,토,20,0,2
235,2025-08-29,금,45,0,2
236,2025-08-28,목,63,0,2
237,2025-08-27,수,69,1,2
238,2025-08-26,화,75,2,2
239,2025-08-25,월,47,0,2
240,2025-08-24,일,45,0,2
241,2025-08-23,토,26,1,2
242,2025-08-22,금,45,0,2
243,2025-08-21,목,69,0,2
244,2025-08-20,수,71,1,2
245,2025-08-19,화,68,0,2
246,2025-08-18,월,46,0,2
247,2025-08-17,일,26,0,2
248,2025-08-16,토,27,0,2
249,2025-08-15,금,26,1,2
250,2025-09-03,수,52,0,2
251,2025-08-14,목,74,0,2
252,2025-09-04,목,45,2,2
253,2025-09-06,토,23,0,2
254,2025-09-27,토,19,0,2
255,2025-09-26,금,19,1,2
256,2025-09-25,목,33,1,2
257,2025-09-24,수,43,1,2
258,2025-09-23,화,38,0,2
259,2025-09-22,월,55,0,2
260,2025-09-21,일,27,1,2
261,2025-09-20,토,30,0,2
262,2025-09-19,금,42,0,2
263,2025-09-05,금,40,0,2
264,2025-09-18,목,52,0,2
265,2025-09-16,화,52,0,2
266,2025-09-15,월,43,0,2
267,2025-09-14,일,32,0,2
268,2025-09-13,토,17,0,2
269,2025-09-12,금,56,1,2
270,2025-09-11,목,63,0,2
271,2025-09-10,수,55,0,2
272,2025-09-09,화,53,0,2
273,2025-09-08,월,62,0,2
274,2025-09-17,수,37,0,2
275,2025-08-13,수,0,0,2
276,2025-08-13,수,0,0,3
277,2025-08-12,화,0,0,3
278,2025-11-11,화,55,0,3
279,2025-09-07,일,24,0,3
280,2025-09-08,월,62,0,3
281,2025-09-09,화,53,1,3
282,2025-09-10,수,55,1,3
283,2025-09-11,목,63,0,3
284,2025-09-12,금,56,0,3
285,2025-09-13,토,17,0,3
286,2025-09-14,일,32,0,3
287,2025-09-15,월,43,1,3
288,2025-09-16,화,52,0,3
289,2025-09-17,수,37,0,3
290,2025-09-18,목,52,0,3
291,2025-09-19,금,42,0,3
292,2025-09-20,토,30,0,3
293,2025-09-21,일,27,0,3
294,2025-09-22,월,55,0,3
295,2025-09-23,화,38,0,3
296,2025-09-24,수,43,0,3
297,2025-09-25,목,33,0,3
298,2025-09-05,금,40,1,3
299,2025-09-26,금,19,0,3
300,2025-09-04,목,45,0,3
301,2025-09-02,화,41,0,3
302,2025-08-14,목,74,0,3
303,2025-08-15,금,26,0,3
304,2025-08-16,토,27,0,3
305,2025-08-17,일,26,0,3
306,2025-08-18,월,46,0,3
307,2025-08-19,화,68,0,3
308,2025-08-20,수,71,4,3
309,2025-08-21,목,69,0,3
310,2025-08-22,금,45,0,3
311,2025-08-23,토,26,0,3
312,2025-08-24,일,45,1,3
313,2025-08-25,월,47,1,3
314,2025-08-26,화,75,0,3
315,2025-08-27,수,69,0,3
316,2025-08-28,목,63,1,3
317,2025-08-29,금,45,1,3
318,2025-08-30,토,20,1,3
319,2025-08-31,일,21,1,3
320,2025-09-01,월,48,6,3
321,2025-09-03,수,52,0,3
322,2025-09-27,토,19,0,3
323,2025-09-06,토,23,0,3
324,2025-09-29,월,39,0,3
325,2025-10-23,목,44,0,3
326,2025-10-24,금,25,2,3
327,2025-10-25,토,23,0,3
328,2025-10-26,일,30,1,3
329,2025-10-27,월,54,1,3
330,2025-10-28,화,39,0,3
331,2025-10-29,수,32,0,3
332,2025-10-30,목,39,1,3
333,2025-10-31,금,32,2,3
334,2025-11-01,토,18,0,3
335,2025-11-02,일,13,0,3
336,2025-11-03,월,26,0,3
337,2025-11-04,화,39,1,3
338,2025-11-05,수,66,1,3
339,2025-11-06,목,54,0,3
340,2025-11-07,금,65,0,3
341,2025-11-08,토,38,1,3
342,2025-11-09,일,36,1,3
343,2025-09-28,일,28,0,3
344,2025-10-22,수,41,0,3
345,2025-10-21,화,57,0,3
346,2025-11-10,월,73,0,3
347,2025-10-19,일,27,1,3
348,2025-10-20,월,55,0,3
349,2025-10-01,수,71,0,3
350,2025-10-02,목,55,0,3
351,2025-10-03,금,16,0,3
352,2025-10-04,토,19,1,3
353,2025-10-05,일,16,0,3
354,2025-10-06,월,24,2,3
355,2025-10-07,화,23,0,3
356,2025-10-08,수,27,0,3
357,2025-10-09,목,40,1,3
358,2025-09-30,화,46,0,3
359,2025-10-11,토,37,2,3
360,2025-10-12,일,35,2,3
361,2025-10-13,월,93,1,3
362,2025-10-14,화,63,2,3
363,2025-10-15,수,70,0,3
364,2025-10-16,목,56,2,3
365,2025-10-17,금,42,0,3
366,2025-10-18,토,30,0,3
367,2025-10-10,금,45,0,3
368,2025-10-11,토,37,0,4
369,2025-10-12,일,35,2,4
370,2025-10-13,월,93,0,4
371,2025-10-17,금,42,0,4
372,2025-10-15,수,70,0,4
373,2025-10-16,목,56,0,4
374,2025-09-29,월,39,0,4
375,2025-10-14,화,63,1,4
376,2025-10-10,금,45,0,4
377,2025-10-05,일,16,0,4
378,2025-10-08,수,27,0,4
379,2025-10-07,화,23,0,4
380,2025-10-06,월,24,0,4
381,2025-10-04,토,19,0,4
382,2025-10-03,금,16,0,4
383,2025-10-02,목,55,0,4
384,2025-10-01,수,71,0,4
385,2025-09-30,화,46,0,4
386,2025-10-18,토,30,0,4
387,2025-10-09,목,40,0,4
388,2025-10-19,일,27,0,4
389,2025-10-29,수,32,0,4
390,2025-10-21,화,57,1,4
391,2025-09-28,일,28,0,4
392,2025-11-09,일,36,0,4
393,2025-11-08,토,38,0,4
394,2025-11-07,금,65,1,4
395,2025-11-06,목,54,0,4
396,2025-11-05,수,66,0,4
397,2025-11-04,화,39,0,4
398,2025-11-03,월,26,0,4
399,2025-11-02,일,13,0,4
400,2025-11-01,토,18,2,4
401,2025-10-31,금,32,1,4
402,2025-10-30,목,39,1,4
403,2025-10-28,화,39,1,4
404,2025-10-27,월,54,0,4
405,2025-10-26,일,30,1,4
406,2025-10-25,토,23,0,4
407,2025-10-24,금,25,0,4
408,2025-10-23,목,44,0,4
409,2025-10-22,수,41,0,4
410,2025-10-20,월,55,2,4
411,2025-09-27,토,19,0,4
412,2025-08-13,수,0,0,4
413,2025-09-25,목,33,1,4
414,2025-08-31,일,21,0,4
415,2025-08-30,토,20,1,4
416,2025-08-29,금,45,0,4
417,2025-08-28,목,63,0,4
418,2025-08-27,수,69,0,4
419,2025-08-26,화,75,0,4
420,2025-08-25,월,47,0,4
421,2025-08-24,일,45,1,4
422,2025-08-23,토,26,0,4
423,2025-08-22,금,45,0,4
424,2025-08-21,목,69,2,4
425,2025-08-20,수,71,0,4
426,2025-08-19,화,68,0,4
427,2025-08-18,월,46,0,4
428,2025-08-17,일,26,0,4
429,2025-08-16,토,27,1,4
430,2025-08-15,금,26,0,4
431,2025-08-14,목,74,0,4
432,2025-11-10,월,73,0,4
433,2025-09-01,월,48,1,4
434,2025-09-02,화,41,0,4
435,2025-09-03,수,52,0,4
436,2025-09-04,목,45,0,4
437,2025-09-24,수,43,0,4
438,2025-09-23,화,38,1,4
439,2025-09-22,월,55,0,4
440,2025-09-21,일,27,0,4
441,2025-09-20,토,30,0,4
442,2025-09-19,금,42,0,4
443,2025-09-18,목,52,0,4
444,2025-09-17,수,37,0,4
445,2025-09-16,화,52,0,4
446,2025-09-26,금,19,0,4
447,2025-09-15,월,43,0,4
448,2025-09-13,토,17,0,4
449,2025-09-12,금,56,0,4
450,2025-09-11,목,63,0,4
451,2025-09-10,수,55,1,4
452,2025-09-09,화,53,0,4
453,2025-09-08,월,62,0,4
454,2025-09-07,일,24,0,4
455,2025-09-06,토,23,1,4
456,2025-09-05,금,40,0,4
457,2025-09-14,일,32,0,4
458,2025-11-11,화,55,0,4
459,2025-08-12,화,0,0,4
460,2025-09-25,목,33,0,5
461,2025-09-04,목,45,0,5
462,2025-09-05,금,40,0,5
463,2025-09-06,토,23,0,5
464,2025-09-07,일,24,0,5
465,2025-09-08,월,62,0,5
466,2025-09-09,화,53,2,5
467,2025-09-10,수,55,0,5
468,2025-09-11,목,63,0,5
469,2025-09-03,수,52,0,5
470,2025-09-12,금,56,0,5
471,2025-09-14,일,32,1,5
472,2025-09-15,월,43,0,5
473,2025-09-16,화,52,0,5
474,2025-09-17,수,37,0,5
475,2025-09-18,목,52,0,5
476,2025-09-19,금,42,0,5
477,2025-09-20,토,30,1,5
478,2025-09-21,일,27,0,5
479,2025-09-13,토,17,1,5
480,2025-09-02,화,41,0,5
481,2025-09-01,월,48,0,5
482,2025-08-31,일,21,1,5
483,2025-08-12,화,0,0,5
484,2025-08-13,수,0,0,5
485,2025-08-14,목,74,0,5
486,2025-08-15,금,26,0,5
487,2025-08-16,토,27,0,5
488,2025-08-17,일,26,0,5
489,2025-08-18,월,46,0,5
490,2025-08-19,화,68,3,5
491,2025-08-20,수,71,0,5
492,2025-08-21,목,69,0,5
493,2025-08-22,금,45,0,5
494,2025-08-23,토,26,0,5
495,2025-08-24,일,45,0,5
496,2025-08-25,월,47,0,5
497,2025-08-26,화,75,0,5
498,2025-08-27,수,69,0,5
499,2025-08-28,목,63,0,5
500,2025-08-29,금,45,0,5
501,2025-08-30,토,20,1,5
502,2025-09-22,월,55,0,5
503,2025-11-09,일,36,0,5
504,2025-09-23,화,38,0,5
505,2025-11-08,토,38,2,5
506,2025-10-19,일,27,0,5
507,2025-10-20,월,55,1,5
508,2025-10-21,화,57,1,5
509,2025-10-22,수,41,1,5
510,2025-10-23,목,44,0,5
511,2025-10-24,금,25,2,5
512,2025-10-25,토,23,0,5
513,2025-10-26,일,30,0,5
514,2025-10-18,토,30,2,5
515,2025-10-27,월,54,0,5
516,2025-10-29,수,32,0,5
517,2025-10-30,목,39,0,5
518,2025-10-31,금,32,0,5
519,2025-11-01,토,18,0,5
520,2025-11-02,일,13,1,5
521,2025-11-03,월,26,1,5
522,2025-11-04,화,39,0,5
523,2025-11-05,수,66,0,5
524,2025-10-28,화,39,0,5
525,2025-10-17,금,42,1,5
526,2025-10-16,목,56,1,5
527,2025-10-15,수,70,2,5
528,2025-09-26,금,19,0,5
529,2025-09-27,토,19,0,5
530,2025-09-28,일,28,0,5
531,2025-09-29,월,39,0,5
532,2025-09-30,화,46,0,5
533,2025-10-01,수,71,0,5
534,2025-10-02,목,55,0,5
535,2025-10-03,금,16,0,5
536,2025-10-04,토,19,0,5
537,2025-10-05,일,16,1,5
538,2025-10-06,월,24,0,5
539,2025-10-07,화,23,1,5
540,2025-10-08,수,27,0,5
541,2025-10-09,목,40,0,5
542,2025-10-10,금,45,0,5
543,2025-10-11,토,37,1,5
544,2025-10-12,일,35,0,5
545,2025-10-13,월,93,0,5
546,2025-10-14,화,63,1,5
547,2025-09-24,수,43,1,5
548,2025-11-10,월,73,0,5
549,2025-11-11,화,55,0,5
550,2025-11-07,금,65,0,5
551,2025-11-06,목,54,0,5
552,2025-08-16,토,27,0,6
553,2025-09-08,월,62,0,6
554,2025-09-09,화,53,2,6
555,2025-09-10,수,55,0,6
556,2025-09-11,목,63,1,6
557,2025-09-12,금,56,0,6
558,2025-09-13,토,17,1,6
559,2025-09-14,일,32,0,6
560,2025-09-15,월,43,1,6
561,2025-09-07,일,24,0,6
562,2025-09-16,화,52,1,6
563,2025-09-18,목,52,1,6
564,2025-09-19,금,42,0,6
565,2025-09-20,토,30,0,6
566,2025-09-21,일,27,0,6
567,2025-09-22,월,55,0,6
568,2025-09-23,화,38,1,6
569,2025-09-24,수,43,0,6
570,2025-09-25,목,33,1,6
571,2025-09-17,수,37,0,6
572,2025-08-15,금,26,0,6
573,2025-09-06,토,23,1,6
574,2025-09-04,목,45,2,6
575,2025-08-17,일,26,0,6
576,2025-08-18,월,46,0,6
577,2025-08-19,화,68,0,6
578,2025-08-20,수,71,0,6
579,2025-08-21,목,69,0,6
580,2025-08-22,금,45,0,6
581,2025-08-23,토,26,0,6
582,2025-08-24,일,45,0,6
583,2025-09-26,금,19,1,6
584,2025-08-25,월,47,1,6
585,2025-08-27,수,69,3,6
586,2025-08-28,목,63,0,6
587,2025-08-29,금,45,0,6
588,2025-08-30,토,20,0,6
589,2025-08-31,일,21,0,6
590,2025-09-01,월,48,0,6
591,2025-09-02,화,41,0,6
592,2025-09-03,수,52,0,6
593,2025-08-26,화,75,0,6
594,2025-09-05,금,40,0,6
595,2025-11-10,월,73,3,6
596,2025-09-29,월,39,0,6
597,2025-10-23,목,44,1,6
598,2025-10-24,금,25,0,6
599,2025-10-25,토,23,0,6
600,2025-10-26,일,30,1,6
601,2025-10-27,월,54,1,6
602,2025-10-28,화,39,0,6
603,2025-10-29,수,32,0,6
604,2025-10-30,목,39,0,6
605,2025-10-22,수,41,0,6
606,2025-10-31,금,32,0,6
607,2025-11-02,일,13,0,6
608,2025-11-03,월,26,1,6
609,2025-11-04,화,39,1,6
610,2025-11-05,수,66,0,6
611,2025-11-06,목,54,1,6
612,2025-11-07,금,65,1,6
613,2025-11-08,토,38,1,6
614,2025-11-09,일,36,0,6
615,2025-11-01,토,18,2,6
616,2025-10-21,화,57,1,6
617,2025-10-20,월,55,2,6
618,2025-10-19,일,27,1,6
619,2025-09-30,화,46,1,6
620,2025-10-01,수,71,1,6
621,2025-10-02,목,55,1,6
622,2025-10-03,금,16,0,6
623,2025-10-04,토,19,0,6
624,2025-10-05,일,16,1,6
625,2025-10-06,월,24,1,6
626,2025-10-07,화,23,0,6
627,2025-10-08,수,27,5,6
628,2025-10-09,목,40,0,6
629,2025-10-10,금,45,0,6
630,2025-10-11,토,37,0,6
631,2025-10-12,일,35,0,6
632,2025-10-13,월,93,0,6
633,2025-10-14,화,63,0,6
634,2025-10-15,수,70,1,6
635,2025-10-16,목,56,1,6
636,2025-10-17,금,42,1,6
637,2025-10-18,토,30,3,6
638,2025-09-28,일,28,0,6
639,2025-09-27,토,19,2,6
640,2025-08-13,수,0,0,6
641,2025-11-11,화,55,0,6
642,2025-08-14,목,74,2,6
643,2025-08-12,화,0,0,6
644,2025-08-12,화,0,0,7
645,2025-10-15,수,70,1,7
646,2025-10-14,화,63,0,7
647,2025-10-13,월,93,0,7
648,2025-10-12,일,35,1,7
649,2025-10-11,토,37,1,7
650,2025-10-10,금,45,1,7
651,2025-10-09,목,40,0,7
652,2025-10-08,수,27,0,7
653,2025-10-16,목,56,0,7
654,2025-10-07,화,23,0,7
655,2025-10-05,일,16,0,7
656,2025-10-04,토,19,0,7
657,2025-10-03,금,16,0,7
658,2025-10-02,목,55,3,7
659,2025-10-01,수,71,2,7
660,2025-09-30,화,46,0,7
661,2025-09-29,월,39,0,7
662,2025-09-28,일,28,1,7
663,2025-10-06,월,24,1,7
664,2025-10-17,금,42,2,7
665,2025-10-18,토,30,3,7
666,2025-10-19,일,27,0,7
667,2025-11-07,금,65,2,7
668,2025-11-06,목,54,5,7
669,2025-11-05,수,66,0,7
670,2025-11-04,화,39,0,7
671,2025-11-03,월,26,0,7
672,2025-11-02,일,13,1,7
673,2025-11-01,토,18,0,7
674,2025-10-31,금,32,0,7
675,2025-10-30,목,39,0,7
676,2025-10-29,수,32,1,7
677,2025-10-28,화,39,0,7
678,2025-10-27,월,54,2,7
679,2025-10-26,일,30,0,7
680,2025-10-25,토,23,1,7
681,2025-10-24,금,25,1,7
682,2025-10-23,목,44,1,7
683,2025-10-22,수,41,1,7
684,2025-10-21,화,57,0,7
685,2025-10-20,월,55,1,7
686,2025-09-27,토,19,0,7
687,2025-09-26,금,19,0,7
688,2025-09-25,목,33,0,7
689,2025-11-11,화,55,3,7
690,2025-08-31,일,21,0,7
691,2025-08-30,토,20,0,7
692,2025-08-29,금,45,0,7
693,2025-08-28,목,63,2,7
694,2025-08-27,수,69,0,7
695,2025-08-26,화,75,3,7
696,2025-08-25,월,47,2,7
697,2025-08-24,일,45,1,7
698,2025-08-23,토,26,0,7
699,2025-08-22,금,45,1,7
700,2025-08-21,목,69,0,7
701,2025-08-20,수,71,2,7
702,2025-08-19,화,68,3,7
703,2025-08-18,월,46,0,7
704,2025-08-17,일,26,0,7
705,2025-08-16,토,27,0,7
706,2025-08-15,금,26,0,7
707,2025-08-14,목,74,1,7
708,2025-08-13,수,0,0,7
709,2025-09-01,월,48,0,7
710,2025-11-10,월,73,1,7
711,2025-09-02,화,41,0,7
712,2025-09-04,목,45,1,7
713,2025-09-23,화,38,1,7
714,2025-09-22,월,55,0,7
715,2025-09-21,일,27,0,7
716,2025-09-20,토,30,1,7
717,2025-09-19,금,42,3,7
718,2025-09-18,목,52,2,7
719,2025-09-17,수,37,0,7
720,2025-09-16,화,52,0,7
721,2025-09-15,월,43,0,7
722,2025-09-14,일,32,1,7
723,2025-09-13,토,17,2,7
724,2025-09-12,금,56,3,7
725,2025-09-11,목,63,3,7
726,2025-09-10,수,55,1,7
727,2025-09-09,화,53,3,7
728,2025-09-08,월,62,0,7
729,2025-09-07,일,24,1,7
730,2025-09-06,토,23,0,7
731,2025-09-05,금,40,0,7
732,2025-09-03,수,52,0,7
733,2025-09-24,수,43,0,7
734,2025-11-09,일,36,0,7
735,2025-11-08,토,38,2,7
736,2025-09-06,토,23,0,8
737,2025-09-07,일,24,1,8
738,2025-09-08,월,62,1,8
739,2025-09-09,화,53,10,8
740,2025-09-10,수,55,4,8
741,2025-09-11,목,63,1,8
742,2025-09-12,금,56,1,8
743,2025-09-13,토,17,0,8
744,2025-09-14,일,32,0,8
745,2025-09-15,월,43,1,8
746,2025-09-16,화,52,1,8
747,2025-09-17,수,37,2,8
748,2025-09-18,목,52,2,8
749,2025-09-19,금,42,2,8
750,2025-09-20,토,30,0,8
751,2025-09-21,일,27,1,8
752,2025-09-22,월,55,3,8
753,2025-09-23,화,38,1,8
754,2025-09-24,수,43,1,8
755,2025-09-04,목,45,2,8
756,2025-09-03,수,52,1,8
757,2025-09-02,화,41,1,8
758,2025-09-01,월,48,3,8
759,2025-08-12,화,0,0,8
760,2025-08-13,수,0,0,8
761,2025-08-14,목,74,1,8
762,2025-08-15,금,26,1,8
763,2025-08-16,토,27,1,8
764,2025-08-17,일,26,2,8
765,2025-08-18,월,46,1,8
766,2025-08-19,화,68,0,8
767,2025-08-20,수,71,2,8
768,2025-09-25,목,33,0,8
769,2025-08-21,목,69,3,8
770,2025-08-23,토,26,3,8
771,2025-08-24,일,45,2,8
772,2025-08-25,월,47,1,8
773,2025-08-26,화,75,2,8
774,2025-08-27,수,69,6,8
775,2025-08-28,목,63,2,8
776,2025-08-29,금,45,4,8
777,2025-08-30,토,20,0,8
778,2025-08-31,일,21,1,8
779,2025-08-22,금,45,2,8
780,2025-09-26,금,19,0,8
781,2025-09-05,금,40,1,8
782,2025-09-28,일,28,0,8
783,2025-10-23,목,44,2,8
784,2025-10-24,금,25,3,8
785,2025-10-25,토,23,2,8
786,2025-10-26,일,30,0,8
787,2025-10-27,월,54,2,8
788,2025-10-28,화,39,3,8
789,2025-10-29,수,32,0,8
790,2025-10-30,목,39,2,8
791,2025-10-31,금,32,1,8
792,2025-10-22,수,41,1,8
793,2025-11-01,토,18,0,8
794,2025-11-03,월,26,0,8
795,2025-11-04,화,39,0,8
796,2025-11-05,수,66,0,8
797,2025-11-06,목,54,2,8
798,2025-11-07,금,65,4,8
799,2025-11-08,토,38,4,8
800,2025-11-09,일,36,2,8
801,2025-11-10,월,73,1,8
802,2025-09-27,토,19,0,8
803,2025-11-02,일,13,1,8
804,2025-10-21,화,57,6,8
805,2025-11-11,화,55,4,8
806,2025-10-19,일,27,0,8
807,2025-10-20,월,55,3,8
808,2025-09-30,화,46,2,8
809,2025-10-01,수,71,2,8
810,2025-10-02,목,55,0,8
811,2025-10-03,금,16,0,8
812,2025-10-04,토,19,0,8
813,2025-10-05,일,16,0,8
814,2025-10-06,월,24,2,8
815,2025-10-07,화,23,1,8
816,2025-10-08,수,27,0,8
817,2025-09-29,월,39,2,8
818,2025-10-10,금,45,2,8
819,2025-10-11,토,37,1,8
820,2025-10-12,일,35,0,8
821,2025-10-13,월,93,2,8
822,2025-10-14,화,63,5,8
823,2025-10-15,수,70,1,8
824,2025-10-16,목,56,3,8
825,2025-10-17,금,42,0,8
826,2025-10-18,토,30,0,8
827,2025-10-09,목,40,1,8
828,2025-09-12,금,56,4,9
829,2025-09-11,목,63,3,9
830,2025-09-10,수,55,0,9
831,2025-09-06,토,23,1,9
832,2025-09-08,월,62,6,9
833,2025-09-07,일,24,1,9
834,2025-09-24,수,43,2,9
835,2025-09-09,화,53,1,9
836,2025-09-13,토,17,0,9
837,2025-09-18,목,52,6,9
838,2025-09-15,월,43,0,9
839,2025-09-16,화,52,2,9
840,2025-09-17,수,37,2,9
841,2025-09-19,금,42,1,9
842,2025-09-20,토,30,1,9
843,2025-09-21,일,27,2,9
844,2025-09-22,월,55,1,9
845,2025-09-23,화,38,3,9
846,2025-09-05,금,40,1,9
847,2025-09-14,일,32,1,9
848,2025-09-04,목,45,2,9
849,2025-08-24,일,45,1,9
850,2025-09-02,화,41,1,9
851,2025-09-25,목,33,4,9
852,2025-08-13,수,0,0,9
853,2025-08-14,목,74,8,9
854,2025-08-15,금,26,1,9
855,2025-08-16,토,27,0,9
856,2025-08-17,일,26,1,9
857,2025-08-18,월,46,2,9
858,2025-08-19,화,68,0,9
859,2025-08-20,수,71,8,9
860,2025-09-03,수,52,2,9
861,2025-08-21,목,69,3,9
862,2025-08-23,토,26,0,9
863,2025-08-25,월,47,3,9
864,2025-08-26,화,75,6,9
865,2025-08-27,수,69,2,9
866,2025-08-28,목,63,1,9
867,2025-08-29,금,45,3,9
868,2025-08-30,토,20,1,9
869,2025-08-31,일,21,1,9
870,2025-09-01,월,48,1,9
871,2025-08-22,금,45,1,9
872,2025-11-11,화,55,6,9
873,2025-09-27,토,19,1,9
874,2025-09-28,일,28,1,9
875,2025-10-23,목,44,2,9
876,2025-10-24,금,25,0,9
877,2025-10-25,토,23,2,9
878,2025-10-26,일,30,0,9
879,2025-10-27,월,54,3,9
880,2025-10-28,화,39,3,9
881,2025-10-29,수,32,0,9
882,2025-10-30,목,39,1,9
883,2025-10-31,금,32,1,9
884,2025-10-22,수,41,1,9
885,2025-11-01,토,18,0,9
886,2025-11-03,월,26,4,9
887,2025-11-04,화,39,0,9
888,2025-11-05,수,66,4,9
889,2025-11-06,목,54,7,9
890,2025-11-07,금,65,2,9
891,2025-11-08,토,38,1,9
892,2025-11-09,일,36,1,9
893,2025-11-10,월,73,6,9
894,2025-09-26,금,19,2,9
895,2025-11-02,일,13,1,9
896,2025-10-21,화,57,2,9
897,2025-08-12,화,0,0,9
898,2025-10-19,일,27,2,9
899,2025-10-20,월,55,1,9
900,2025-09-29,월,39,0,9
901,2025-10-01,수,71,0,9
902,2025-10-02,목,55,2,9
903,2025-10-03,금,16,1,9
904,2025-10-04,토,19,0,9
905,2025-10-05,일,16,1,9
906,2025-10-06,월,24,2,9
907,2025-10-07,화,23,1,9
908,2025-10-08,수,27,2,9
909,2025-09-30,화,46,3,9
910,2025-10-10,금,45,4,9
911,2025-10-11,토,37,2,9
912,2025-10-12,일,35,1,9
913,2025-10-13,월,93,5,9
914,2025-10-14,화,63,2,9
915,2025-10-15,수,70,2,9
916,2025-10-16,목,56,8,9
917,2025-10-18,토,30,3,9
918,2025-10-17,금,42,3,9
919,2025-10-09,목,40,2,9
920,2025-10-12,일,35,1,10
921,2025-10-13,월,93,6,10
922,2025-10-17,금,42,3,10
923,2025-10-15,수,70,3,10
924,2025-10-16,목,56,3,10
925,2025-10-11,토,37,1,10
926,2025-10-18,토,30,0,10
927,2025-10-14,화,63,2,10
928,2025-10-10,금,45,1,10
929,2025-10-06,월,24,0,10
930,2025-10-08,수,27,0,10
931,2025-10-07,화,23,0,10
932,2025-10-05,일,16,0,10
933,2025-10-04,토,19,0,10
934,2025-10-03,금,16,0,10
935,2025-10-02,목,55,5,10
936,2025-10-01,수,71,3,10
937,2025-09-30,화,46,3,10
938,2025-10-09,목,40,2,10
939,2025-10-19,일,27,1,10
940,2025-10-29,수,32,5,10
941,2025-10-21,화,57,4,10
942,2025-11-10,월,73,6,10
943,2025-11-09,일,36,3,10
944,2025-11-08,토,38,6,10
945,2025-11-07,금,65,8,10
946,2025-11-06,목,54,1,10
947,2025-11-05,수,66,4,10
948,2025-11-04,화,39,2,10
949,2025-11-03,월,26,2,10
950,2025-11-02,일,13,1,10
951,2025-10-20,월,55,2,10
952,2025-11-01,토,18,3,10
953,2025-10-30,목,39,4,10
954,2025-09-29,월,39,3,10
955,2025-10-28,화,39,1,10
956,2025-10-27,월,54,2,10
957,2025-10-26,일,30,0,10
958,2025-10-25,토,23,1,10
959,2025-10-24,금,25,1,10
960,2025-10-23,목,44,1,10
961,2025-10-22,수,41,4,10
962,2025-10-31,금,32,1,10
963,2025-09-28,일,28,1,10
964,2025-09-16,화,52,1,10
965,2025-09-25,목,33,4,10
966,2025-08-30,토,20,2,10
967,2025-08-29,금,45,3,10
968,2025-08-28,목,63,2,10
969,2025-08-27,수,69,2,10
970,2025-08-26,화,75,5,10
971,2025-08-25,월,47,0,10
972,2025-08-24,일,45,6,10
973,2025-08-23,토,26,3,10
974,2025-08-22,금,45,5,10
975,2025-08-21,목,69,4,10
976,2025-08-20,수,71,1,10
977,2025-08-19,화,68,1,10
978,2025-08-18,월,46,3,10
979,2025-08-17,일,26,0,10
980,2025-08-16,토,27,1,10
981,2025-08-15,금,26,0,10
982,2025-08-14,목,74,17,10
983,2025-08-13,수,0,0,10
984,2025-08-12,화,0,0,10
985,2025-08-31,일,21,1,10
986,2025-09-26,금,19,0,10
987,2025-09-01,월,48,1,10
988,2025-09-03,수,52,12,10
989,2025-09-24,수,43,2,10
990,2025-09-23,화,38,2,10
991,2025-09-22,월,55,5,10
992,2025-09-21,일,27,2,10
993,2025-09-20,토,30,2,10
994,2025-09-19,금,42,8,10
995,2025-09-18,목,52,4,10
996,2025-09-17,수,37,1,10
997,2025-09-15,월,43,0,10
998,2025-09-14,일,32,1,10
999,2025-09-13,토,17,0,10
1000,2025-09-12,금,56,5,10
1001,2025-09-11,목,63,14,10
1002,2025-09-10,수,55,1,10
1003,2025-09-09,화,53,3,10
1004,2025-09-08,월,62,1,10
1005,2025-09-07,일,24,1,10
1006,2025-09-06,토,23,1,10
1007,2025-09-05,금,40,5,10
1008,2025-09-02,화,41,2,10
1009,2025-09-04,목,45,2,10
1010,2025-09-27,토,19,0,10
1011,2025-11-11,화,55,3,10
1012,2025-08-13,수,0,0,11
1013,2025-09-08,월,62,0,11
1014,2025-09-09,화,53,2,11
1015,2025-09-10,수,55,0,11
1016,2025-09-11,목,63,4,11
1017,2025-09-12,금,56,3,11
1018,2025-09-13,토,17,1,11
1019,2025-09-14,일,32,0,11
1020,2025-09-15,월,43,8,11
1021,2025-09-16,화,52,5,11
1022,2025-09-17,수,37,2,11
1023,2025-09-18,목,52,3,11
1024,2025-09-19,금,42,5,11
1025,2025-09-20,토,30,3,11
1026,2025-09-21,일,27,0,11
1027,2025-09-22,월,55,1,11
1028,2025-09-23,화,38,1,11
1029,2025-09-24,수,43,3,11
1030,2025-09-25,목,33,4,11
1031,2025-09-26,금,19,3,11
1032,2025-09-07,일,24,1,11
1033,2025-09-06,토,23,0,11
1034,2025-09-05,금,40,2,11
1035,2025-09-04,목,45,4,11
1036,2025-08-16,토,27,0,11
1037,2025-08-17,일,26,2,11
1038,2025-08-18,월,46,2,11
1039,2025-08-19,화,68,5,11
1040,2025-08-20,수,71,4,11
1041,2025-08-21,목,69,4,11
1042,2025-08-22,금,45,0,11
1043,2025-08-23,토,26,0,11
1044,2025-08-24,일,45,1,11
1045,2025-08-25,월,47,5,11
1046,2025-08-26,화,75,9,11
1047,2025-08-27,수,69,0,11
1048,2025-08-28,목,63,6,11
1049,2025-08-29,금,45,0,11
1050,2025-08-30,토,20,1,11
1051,2025-08-31,일,21,1,11
1052,2025-09-01,월,48,2,11
1053,2025-09-02,화,41,5,11
1054,2025-09-03,수,52,4,11
1055,2025-09-27,토,19,2,11
1056,2025-09-28,일,28,1,11
1057,2025-09-29,월,39,3,11
1058,2025-09-30,화,46,3,11
1059,2025-10-24,금,25,3,11
1060,2025-10-25,토,23,0,11
1061,2025-10-26,일,30,0,11
1062,2025-10-27,월,54,1,11
1063,2025-10-28,화,39,2,11
1064,2025-10-29,수,32,3,11
1065,2025-10-30,목,39,1,11
1066,2025-10-31,금,32,1,11
1067,2025-11-01,토,18,1,11
1068,2025-11-02,일,13,0,11
1069,2025-11-03,월,26,2,11
1070,2025-11-04,화,39,4,11
1071,2025-11-05,수,66,6,11
1072,2025-11-06,목,54,1,11
1073,2025-11-07,금,65,3,11
1074,2025-11-08,토,38,4,11
1075,2025-11-09,일,36,0,11
1076,2025-11-10,월,73,3,11
1077,2025-11-11,화,55,3,11
1078,2025-10-23,목,44,2,11
1079,2025-08-15,금,26,3,11
1080,2025-10-22,수,41,2,11
1081,2025-10-20,월,55,4,11
1082,2025-10-01,수,71,12,11
1083,2025-10-02,목,55,2,11
1084,2025-10-03,금,16,0,11
1085,2025-10-04,토,19,2,11
1086,2025-10-05,일,16,1,11
1087,2025-10-06,월,24,0,11
1088,2025-10-07,화,23,0,11
1089,2025-10-08,수,27,0,11
1090,2025-10-09,목,40,2,11
1091,2025-10-10,금,45,1,11
1092,2025-10-11,토,37,4,11
1093,2025-10-12,일,35,2,11
1094,2025-10-13,월,93,3,11
1095,2025-10-14,화,63,4,11
1096,2025-10-15,수,70,2,11
1097,2025-10-16,목,56,2,11
1098,2025-10-17,금,42,5,11
1099,2025-10-18,토,30,1,11
1100,2025-10-19,일,27,2,11
1101,2025-10-21,화,57,3,11
1102,2025-08-14,목,74,3,11
1103,2025-08-12,화,0,0,11
1104,2025-11-10,월,73,1,12
1105,2025-09-05,금,40,2,12
1106,2025-09-06,토,23,2,12
1107,2025-09-07,일,24,3,12
1108,2025-09-08,월,62,2,12
1109,2025-09-09,화,53,0,12
1110,2025-09-10,수,55,1,12
1111,2025-09-11,목,63,2,12
1112,2025-09-12,금,56,3,12
1113,2025-09-13,토,17,0,12
1114,2025-09-14,일,32,0,12
1115,2025-09-15,월,43,1,12
1116,2025-09-16,화,52,1,12
1117,2025-09-17,수,37,1,12
1118,2025-09-18,목,52,4,12
1119,2025-09-19,금,42,0,12
1120,2025-09-20,토,30,1,12
1121,2025-09-21,일,27,2,12
1122,2025-09-22,월,55,4,12
1123,2025-09-23,화,38,1,12
1124,2025-09-03,수,52,2,12
1125,2025-09-24,수,43,3,12
1126,2025-09-02,화,41,5,12
1127,2025-08-31,일,21,0,12
1128,2025-08-13,수,0,0,12
1129,2025-08-12,화,0,0,12
1130,2025-08-14,목,74,2,12
1131,2025-08-15,금,26,5,12
1132,2025-08-16,토,27,1,12
1133,2025-08-17,일,26,0,12
1134,2025-08-18,월,46,2,12
1135,2025-08-19,화,68,9,12
1136,2025-08-20,수,71,2,12
1137,2025-08-21,목,69,6,12
1138,2025-08-22,금,45,6,12
1139,2025-08-23,토,26,4,12
1140,2025-08-24,일,45,1,12
1141,2025-08-25,월,47,1,12
1142,2025-08-26,화,75,2,12
1143,2025-08-27,수,69,6,12
1144,2025-08-28,목,63,3,12
1145,2025-08-29,금,45,3,12
1146,2025-08-30,토,20,2,12
1147,2025-09-01,월,48,0,12
1148,2025-09-25,목,33,0,12
1149,2025-09-04,목,45,1,12
1150,2025-09-27,토,19,1,12
1151,2025-10-22,수,41,1,12
1152,2025-10-23,목,44,3,12
1153,2025-10-24,금,25,0,12
1154,2025-10-25,토,23,3,12
1155,2025-10-26,일,30,1,12
1156,2025-10-27,월,54,6,12
1157,2025-10-28,화,39,1,12
1158,2025-10-29,수,32,2,12
1159,2025-10-30,목,39,2,12
1160,2025-10-21,화,57,3,12
1161,2025-10-31,금,32,2,12
1162,2025-11-02,일,13,0,12
1163,2025-11-03,월,26,0,12
1164,2025-11-04,화,39,1,12
1165,2025-11-05,수,66,10,12
1166,2025-11-06,목,54,3,12
1167,2025-11-07,금,65,2,12
1168,2025-11-08,토,38,4,12
1169,2025-09-26,금,19,2,12
1170,2025-11-09,일,36,1,12
1171,2025-11-01,토,18,1,12
1172,2025-10-20,월,55,1,12
1173,2025-11-11,화,55,1,12
1174,2025-10-18,토,30,1,12
1175,2025-10-19,일,27,3,12
1176,2025-09-29,월,39,1,12
1177,2025-09-30,화,46,1,12
1178,2025-10-01,수,71,6,12
1179,2025-10-02,목,55,3,12
1180,2025-10-03,금,16,2,12
1181,2025-10-04,토,19,1,12
1182,2025-10-05,일,16,0,12
1183,2025-10-06,월,24,4,12
1184,2025-10-07,화,23,2,12
1185,2025-09-28,일,28,2,12
1186,2025-10-09,목,40,3,12
1187,2025-10-10,금,45,4,12
1188,2025-10-11,토,37,2,12
1189,2025-10-12,일,35,1,12
1190,2025-10-13,월,93,2,12
1191,2025-10-14,화,63,4,12
1192,2025-10-15,수,70,7,12
1193,2025-10-16,목,56,1,12
1194,2025-10-17,금,42,2,12
1195,2025-10-08,수,27,3,12
1196,2025-10-12,일,35,3,13
1197,2025-10-13,월,93,4,13
1198,2025-10-14,화,63,7,13
1199,2025-10-18,토,30,0,13
1200,2025-10-16,목,56,4,13
1201,2025-10-17,금,42,5,13
1202,2025-10-11,토,37,1,13
1203,2025-10-15,수,70,10,13
1204,2025-09-30,화,46,1,13
1205,2025-10-06,월,24,0,13
1206,2025-10-09,목,40,6,13
1207,2025-10-08,수,27,0,13
1208,2025-10-07,화,23,2,13
1209,2025-10-05,일,16,0,13
1210,2025-10-04,토,19,1,13
1211,2025-10-03,금,16,1,13
1212,2025-10-02,목,55,2,13
1213,2025-10-01,수,71,6,13
1214,2025-10-19,일,27,1,13
1215,2025-10-10,금,45,3,13
1216,2025-10-20,월,55,3,13
1217,2025-10-31,금,32,6,13
1218,2025-10-22,수,41,2,13
1219,2025-09-29,월,39,1,13
1220,2025-11-10,월,73,4,13
1221,2025-11-09,일,36,2,13
1222,2025-11-08,토,38,4,13
1223,2025-11-07,금,65,0,13
1224,2025-11-06,목,54,1,13
1225,2025-11-05,수,66,7,13
1226,2025-11-04,화,39,2,13
1227,2025-11-03,월,26,1,13
1228,2025-11-02,일,13,0,13
1229,2025-11-01,토,18,1,13
1230,2025-10-30,목,39,3,13
1231,2025-10-29,수,32,2,13
1232,2025-10-28,화,39,2,13
1233,2025-10-27,월,54,3,13
1234,2025-10-26,일,30,3,13
1235,2025-10-25,토,23,2,13
1236,2025-10-24,금,25,1,13
1237,2025-10-23,목,44,0,13
1238,2025-10-21,화,57,2,13
1239,2025-11-11,화,55,4,13
1240,2025-09-28,일,28,1,13
1241,2025-09-26,금,19,1,13
1242,2025-08-31,일,21,2,13
1243,2025-08-30,토,20,2,13
1244,2025-08-29,금,45,5,13
1245,2025-08-28,목,63,5,13
1246,2025-08-27,수,69,6,13
1247,2025-08-26,화,75,1,13
1248,2025-08-25,월,47,3,13
1249,2025-08-24,일,45,0,13
1250,2025-08-23,토,26,1,13
1251,2025-09-01,월,48,3,13
1252,2025-08-22,금,45,1,13
1253,2025-08-20,수,71,4,13
1254,2025-08-19,화,68,2,13
1255,2025-08-18,월,46,3,13
1256,2025-08-17,일,26,0,13
1257,2025-08-16,토,27,4,13
1258,2025-08-15,금,26,1,13
1259,2025-08-13,수,0,0,13
1260,2025-09-27,토,19,3,13
1261,2025-08-12,화,0,0,13
1262,2025-08-21,목,69,3,13
1263,2025-09-02,화,41,5,13
1264,2025-08-14,목,74,1,13
1265,2025-09-04,목,45,2,13
1266,2025-09-03,수,52,0,13
1267,2025-09-24,수,43,1,13
1268,2025-09-23,화,38,0,13
1269,2025-09-22,월,55,2,13
1270,2025-09-21,일,27,1,13
1271,2025-09-20,토,30,0,13
1272,2025-09-19,금,42,4,13
1273,2025-09-18,목,52,2,13
1274,2025-09-17,수,37,4,13
1275,2025-09-16,화,52,4,13
1276,2025-09-25,목,33,0,13
1277,2025-09-14,일,32,2,13
1278,2025-09-06,토,23,0,13
1279,2025-09-15,월,43,3,13
1280,2025-09-07,일,24,2,13
1281,2025-09-08,월,62,4,13
1282,2025-09-05,금,40,1,13
1283,2025-09-10,수,55,2,13
1284,2025-09-13,토,17,4,13
1285,2025-09-11,목,63,1,13
1286,2025-09-12,금,56,3,13
1287,2025-09-09,화,53,2,13
1288,2025-10-17,금,42,3,14
1289,2025-10-16,목,56,7,14
1290,2025-10-15,수,70,3,14
1291,2025-10-14,화,63,10,14
1292,2025-10-13,월,93,9,14
1293,2025-10-12,일,35,2,14
1294,2025-10-11,토,37,2,14
1295,2025-10-10,금,45,3,14
1296,2025-10-09,목,40,0,14
1297,2025-10-07,화,23,1,14
1298,2025-10-18,토,30,1,14
1299,2025-10-06,월,24,2,14
1300,2025-10-05,일,16,2,14
1301,2025-10-04,토,19,0,14
1302,2025-10-03,금,16,0,14
1303,2025-10-02,목,55,7,14
1304,2025-10-01,수,71,2,14
1305,2025-09-30,화,46,0,14
1306,2025-10-08,수,27,3,14
1307,2025-10-19,일,27,0,14
1308,2025-10-23,목,44,3,14
1309,2025-10-21,화,57,4,14
1310,2025-11-11,화,55,1,14
1311,2025-11-10,월,73,7,14
1312,2025-11-09,일,36,3,14
1313,2025-11-08,토,38,4,14
1314,2025-11-07,금,65,7,14
1315,2025-11-06,목,54,4,14
1316,2025-11-05,수,66,2,14
1317,2025-11-04,화,39,1,14
1318,2025-11-03,월,26,3,14
1319,2025-10-20,월,55,4,14
1320,2025-11-02,일,13,1,14
1321,2025-10-31,금,32,4,14
1322,2025-10-30,목,39,7,14
1323,2025-09-29,월,39,4,14
1324,2025-10-28,화,39,6,14
1325,2025-10-27,월,54,6,14
1326,2025-10-26,일,30,1,14
1327,2025-10-25,토,23,1,14
1328,2025-10-24,금,25,1,14
1329,2025-10-22,수,41,2,14
1330,2025-11-01,토,18,0,14
1331,2025-10-29,수,32,3,14
1332,2025-09-18,목,52,5,14
1333,2025-09-27,토,19,1,14
1334,2025-08-31,일,21,0,14
1335,2025-08-30,토,20,1,14
1336,2025-08-29,금,45,6,14
1337,2025-08-28,목,63,4,14
1338,2025-08-27,수,69,8,14
1339,2025-08-26,화,75,3,14
1340,2025-08-25,월,47,1,14
1341,2025-08-24,일,45,2,14
1342,2025-08-23,토,26,3,14
1343,2025-09-01,월,48,4,14
1344,2025-08-22,금,45,0,14
1345,2025-08-20,수,71,10,14
1346,2025-08-19,화,68,5,14
1347,2025-08-18,월,46,9,14
1348,2025-08-17,일,26,2,14
1349,2025-08-16,토,27,0,14
1350,2025-08-15,금,26,1,14
1351,2025-08-14,목,74,4,14
1352,2025-08-13,수,0,0,14
1353,2025-08-12,화,0,0,14
1354,2025-08-21,목,69,9,14
1355,2025-09-28,일,28,0,14
1356,2025-09-02,화,41,2,14
1357,2025-09-04,목,45,1,14
1358,2025-09-26,금,19,2,14
1359,2025-09-25,목,33,3,14
1360,2025-09-24,수,43,1,14
1361,2025-09-23,화,38,3,14
1362,2025-09-22,월,55,0,14
1363,2025-09-21,일,27,1,14
1364,2025-09-20,토,30,0,14
1365,2025-09-19,금,42,2,14
1366,2025-09-17,수,37,5,14
1367,2025-09-03,수,52,1,14
1368,2025-09-16,화,52,9,14
1369,2025-09-14,일,32,2,14
1370,2025-09-13,토,17,1,14
1371,2025-09-12,금,56,2,14
1372,2025-09-11,목,63,6,14
1373,2025-09-10,수,55,4,14
1374,2025-09-09,화,53,5,14
1375,2025-09-08,월,62,7,14
1376,2025-09-07,일,24,3,14
1377,2025-09-05,금,40,6,14
1378,2025-09-15,월,43,4,14
1379,2025-09-06,토,23,1,14
1380,2025-11-11,화,55,5,15
1381,2025-11-10,월,73,13,15
1382,2025-10-16,목,56,4,15
1383,2025-10-15,수,70,4,15
1384,2025-10-14,화,63,5,15
1385,2025-10-13,월,93,8,15
1386,2025-10-12,일,35,1,15
1387,2025-10-11,토,37,2,15
1388,2025-10-10,금,45,2,15
1389,2025-10-09,목,40,2,15
1390,2025-10-17,금,42,3,15
1391,2025-10-08,수,27,3,15
1392,2025-10-06,월,24,0,15
1393,2025-10-05,일,16,1,15
1394,2025-10-04,토,19,0,15
1395,2025-10-03,금,16,1,15
1396,2025-10-02,목,55,2,15
1397,2025-10-01,수,71,4,15
1398,2025-09-30,화,46,2,15
1399,2025-09-29,월,39,3,15
1400,2025-10-07,화,23,2,15
1401,2025-10-18,토,30,0,15
1402,2025-10-19,일,27,2,15
1403,2025-10-20,월,55,4,15
1404,2025-11-08,토,38,1,15
1405,2025-11-07,금,65,3,15
1406,2025-11-06,목,54,3,15
1407,2025-11-05,수,66,9,15
1408,2025-11-04,화,39,8,15
1409,2025-11-03,월,26,4,15
1410,2025-11-02,일,13,0,15
1411,2025-11-01,토,18,1,15
1412,2025-10-31,금,32,2,15
1413,2025-10-30,목,39,5,15
1414,2025-10-29,수,32,4,15
1415,2025-10-28,화,39,3,15
1416,2025-10-27,월,54,5,15
1417,2025-10-26,일,30,2,15
1418,2025-10-25,토,23,1,15
1419,2025-10-24,금,25,1,15
1420,2025-10-23,목,44,10,15
1421,2025-10-22,수,41,6,15
1422,2025-10-21,화,57,4,15
1423,2025-09-28,일,28,1,15
1424,2025-09-27,토,19,2,15
1425,2025-09-26,금,19,0,15
1426,2025-09-25,목,33,2,15
1427,2025-09-01,월,48,2,15
1428,2025-08-31,일,21,1,15
1429,2025-08-30,토,20,1,15
1430,2025-08-29,금,45,6,15
1431,2025-08-28,목,63,8,15
1432,2025-08-27,수,69,8,15
1433,2025-08-26,화,75,3,15
1434,2025-08-25,월,47,8,15
1435,2025-08-24,일,45,2,15
1436,2025-08-23,토,26,3,15
1437,2025-08-22,금,45,3,15
1438,2025-08-21,목,69,3,15
1439,2025-08-20,수,71,3,15
1440,2025-08-19,화,68,4,15
1441,2025-08-18,월,46,5,15
1442,2025-08-17,일,26,1,15
1443,2025-08-16,토,27,1,15
1444,2025-08-15,금,26,2,15
1445,2025-08-14,목,74,3,15
1446,2025-09-02,화,41,5,15
1447,2025-11-09,일,36,4,15
1448,2025-09-03,수,52,5,15
1449,2025-09-05,금,40,4,15
1450,2025-09-24,수,43,4,15
1451,2025-09-23,화,38,1,15
1452,2025-09-22,월,55,12,15
1453,2025-09-21,일,27,1,15
1454,2025-09-20,토,30,4,15
1455,2025-09-19,금,42,3,15
1456,2025-09-18,목,52,8,15
1457,2025-09-17,수,37,0,15
1458,2025-09-16,화,52,5,15
1459,2025-09-15,월,43,1,15
1460,2025-09-14,일,32,1,15
1461,2025-09-13,토,17,1,15
1462,2025-09-12,금,56,0,15
1463,2025-09-11,목,63,6,15
1464,2025-09-10,수,55,2,15
1465,2025-09-09,화,53,3,15
1466,2025-09-08,월,62,15,15
1467,2025-09-07,일,24,3,15
1468,2025-09-06,토,23,2,15
1469,2025-09-04,목,45,5,15
1470,2025-08-12,화,0,0,15
1471,2025-08-13,수,0,0,15
1472,2025-08-14,목,74,2,16
1473,2025-10-18,토,30,3,16
1474,2025-10-17,금,42,0,16
1475,2025-10-16,목,56,0,16
1476,2025-10-15,수,70,6,16
1477,2025-10-14,화,63,4,16
1478,2025-10-13,월,93,13,16
1479,2025-10-12,일,35,1,16
1480,2025-10-11,토,37,3,16
1481,2025-10-10,금,45,6,16
1482,2025-10-09,목,40,4,16
1483,2025-10-08,수,27,3,16
1484,2025-10-07,화,23,0,16
1485,2025-10-06,월,24,1,16
1486,2025-10-05,일,16,0,16
1487,2025-10-04,토,19,0,16
1488,2025-10-03,금,16,1,16
1489,2025-10-02,목,55,3,16
1490,2025-10-01,수,71,4,16
1491,2025-09-30,화,46,1,16
1492,2025-10-19,일,27,2,16
1493,2025-09-29,월,39,4,16
1494,2025-10-20,월,55,5,16
1495,2025-10-22,수,41,2,16
1496,2025-11-10,월,73,2,16
1497,2025-11-09,일,36,0,16
1498,2025-11-08,토,38,0,16
1499,2025-11-07,금,65,2,16
1500,2025-11-06,목,54,9,16
1501,2025-11-05,수,66,4,16
1502,2025-11-04,화,39,5,16
1503,2025-11-03,월,26,4,16
1504,2025-11-02,일,13,1,16
1505,2025-11-01,토,18,0,16
1506,2025-10-31,금,32,0,16
1507,2025-10-30,목,39,2,16
1508,2025-10-29,수,32,0,16
1509,2025-10-28,화,39,2,16
1510,2025-10-27,월,54,4,16
1511,2025-10-26,일,30,2,16
1512,2025-10-25,토,23,2,16
1513,2025-10-24,금,25,4,16
1514,2025-10-23,목,44,2,16
1515,2025-10-21,화,57,5,16
1516,2025-09-28,일,28,3,16
1517,2025-08-12,화,0,0,16
1518,2025-09-27,토,19,2,16
1519,2025-09-02,화,41,1,16
1520,2025-09-01,월,48,5,16
1521,2025-08-31,일,21,2,16
1522,2025-08-30,토,20,1,16
1523,2025-08-29,금,45,2,16
1524,2025-08-28,목,63,4,16
1525,2025-08-27,수,69,5,16
1526,2025-08-26,화,75,4,16
1527,2025-08-25,월,47,2,16
1528,2025-08-24,일,45,0,16
1529,2025-08-23,토,26,0,16
1530,2025-08-22,금,45,3,16
1531,2025-08-21,목,69,6,16
1532,2025-08-20,수,71,3,16
1533,2025-08-19,화,68,2,16
1534,2025-08-18,월,46,4,16
1535,2025-08-17,일,26,1,16
1536,2025-08-16,토,27,1,16
1537,2025-08-15,금,26,2,16
1538,2025-09-03,수,52,6,16
1539,2025-09-04,목,45,1,16
1540,2025-09-05,금,40,1,16
1541,2025-09-06,토,23,3,16
1542,2025-09-26,금,19,0,16
1543,2025-09-25,목,33,2,16
1544,2025-09-24,수,43,5,16
1545,2025-09-23,화,38,4,16
1546,2025-09-22,월,55,9,16
1547,2025-09-21,일,27,1,16
1548,2025-09-20,토,30,1,16
1549,2025-09-19,금,42,2,16
1550,2025-09-18,목,52,6,16
1551,2025-08-13,수,0,0,16
1552,2025-09-17,수,37,5,16
1553,2025-09-15,월,43,5,16
1554,2025-09-14,일,32,1,16
1555,2025-09-13,토,17,1,16
1556,2025-09-12,금,56,13,16
1557,2025-09-11,목,63,0,16
1558,2025-09-10,수,55,4,16
1559,2025-09-09,화,53,4,16
1560,2025-09-08,월,62,5,16
1561,2025-09-07,일,24,1,16
1562,2025-09-16,화,52,4,16
1563,2025-11-11,화,55,6,16
1564,2025-09-25,목,33,3,17
1565,2025-08-13,수,0,0,17
1566,2025-10-17,금,42,0,17
1567,2025-10-16,목,56,4,17
1568,2025-10-15,수,70,8,17
1569,2025-10-14,화,63,2,17
1570,2025-10-13,월,93,5,17
1571,2025-10-12,일,35,1,17
1572,2025-10-11,토,37,3,17
1573,2025-10-10,금,45,3,17
1574,2025-10-18,토,30,0,17
1575,2025-10-09,목,40,0,17
1576,2025-10-07,화,23,0,17
1577,2025-10-06,월,24,0,17
1578,2025-10-05,일,16,1,17
1579,2025-10-04,토,19,1,17
1580,2025-10-03,금,16,0,17
1581,2025-10-02,목,55,6,17
1582,2025-10-01,수,71,1,17
1583,2025-09-30,화,46,7,17
1584,2025-10-08,수,27,1,17
1585,2025-10-19,일,27,1,17
1586,2025-10-20,월,55,3,17
1587,2025-10-21,화,57,1,17
1588,2025-11-09,일,36,0,17
1589,2025-11-08,토,38,0,17
1590,2025-11-07,금,65,3,17
1591,2025-11-06,목,54,2,17
1592,2025-11-05,수,66,4,17
1593,2025-11-04,화,39,3,17
1594,2025-11-03,월,26,1,17
1595,2025-11-02,일,13,0,17
1596,2025-11-01,토,18,0,17
1597,2025-10-31,금,32,3,17
1598,2025-10-30,목,39,1,17
1599,2025-10-29,수,32,2,17
1600,2025-10-28,화,39,2,17
1601,2025-10-27,월,54,3,17
1602,2025-10-26,일,30,0,17
1603,2025-10-25,토,23,1,17
1604,2025-10-24,금,25,1,17
1605,2025-10-23,목,44,2,17
1606,2025-10-22,수,41,3,17
1607,2025-09-29,월,39,4,17
1608,2025-09-28,일,28,2,17
1609,2025-09-27,토,19,0,17
1610,2025-09-26,금,19,1,17
1611,2025-09-01,월,48,2,17
1612,2025-08-31,일,21,0,17
1613,2025-08-30,토,20,0,17
1614,2025-08-29,금,45,3,17
1615,2025-08-28,목,63,6,17
1616,2025-08-27,수,69,5,17
1617,2025-08-26,화,75,3,17
1618,2025-08-25,월,47,7,17
1619,2025-08-24,일,45,8,17
1620,2025-08-23,토,26,1,17
1621,2025-08-22,금,45,2,17
1622,2025-08-21,목,69,4,17
1623,2025-08-20,수,71,2,17
1624,2025-08-19,화,68,11,17
1625,2025-08-18,월,46,0,17
1626,2025-08-17,일,26,3,17
1627,2025-08-16,토,27,3,17
1628,2025-08-15,금,26,2,17
1629,2025-08-14,목,74,4,17
1630,2025-09-02,화,41,1,17
1631,2025-08-12,화,0,0,17
1632,2025-09-03,수,52,4,17
1633,2025-09-05,금,40,2,17
1634,2025-09-24,수,43,1,17
1635,2025-09-23,화,38,5,17
1636,2025-09-22,월,55,2,17
1637,2025-09-21,일,27,0,17
1638,2025-09-20,토,30,1,17
1639,2025-09-19,금,42,3,17
1640,2025-09-18,목,52,3,17
1641,2025-09-17,수,37,4,17
1642,2025-09-16,화,52,3,17
1643,2025-09-15,월,43,2,17
1644,2025-09-14,일,32,3,17
1645,2025-09-13,토,17,1,17
1646,2025-09-12,금,56,0,17
1647,2025-09-11,목,63,3,17
1648,2025-09-10,수,55,15,17
1649,2025-09-09,화,53,4,17
1650,2025-09-08,월,62,3,17
1651,2025-09-07,일,24,0,17
1652,2025-09-06,토,23,0,17
1653,2025-09-04,목,45,5,17
1654,2025-11-10,월,73,7,17
1655,2025-11-11,화,55,5,17
1656,2025-08-12,화,0,0,18
1657,2025-10-17,금,42,1,18
1658,2025-10-16,목,56,2,18
1659,2025-10-15,수,70,4,18
1660,2025-10-14,화,63,0,18
1661,2025-10-13,월,93,6,18
1662,2025-10-12,일,35,1,18
1663,2025-10-11,토,37,4,18
1664,2025-10-10,금,45,1,18
1665,2025-10-09,목,40,4,18
1666,2025-10-08,수,27,2,18
1667,2025-10-07,화,23,4,18
1668,2025-10-06,월,24,1,18
1669,2025-10-05,일,16,2,18
1670,2025-10-04,토,19,2,18
1671,2025-10-03,금,16,0,18
1672,2025-10-02,목,55,2,18
1673,2025-10-01,수,71,5,18
1674,2025-09-30,화,46,4,18
1675,2025-09-29,월,39,1,18
1676,2025-10-18,토,30,0,18
1677,2025-10-19,일,27,0,18
1678,2025-10-20,월,55,2,18
1679,2025-10-21,화,57,8,18
1680,2025-11-10,월,73,3,18
1681,2025-11-09,일,36,8,18
1682,2025-11-08,토,38,1,18
1683,2025-11-07,금,65,16,18
1684,2025-11-06,목,54,2,18
1685,2025-11-05,수,66,7,18
1686,2025-11-04,화,39,0,18
1687,2025-11-03,월,26,0,18
1688,2025-11-02,일,13,0,18
1689,2025-09-28,일,28,1,18
1690,2025-11-01,토,18,1,18
1691,2025-10-30,목,39,2,18
1692,2025-10-29,수,32,0,18
1693,2025-10-28,화,39,1,18
1694,2025-10-27,월,54,5,18
1695,2025-10-26,일,30,0,18
1696,2025-10-25,토,23,0,18
1697,2025-10-24,금,25,1,18
1698,2025-10-23,목,44,2,18
1699,2025-10-22,수,41,3,18
1700,2025-10-31,금,32,2,18
1701,2025-09-27,토,19,1,18
1702,2025-11-11,화,55,3,18
1703,2025-09-25,목,33,2,18
1704,2025-08-31,일,21,0,18
1705,2025-08-30,토,20,1,18
1706,2025-08-29,금,45,3,18
1707,2025-08-28,목,63,7,18
1708,2025-08-27,수,69,5,18
1709,2025-08-26,화,75,15,18
1710,2025-08-25,월,47,2,18
1711,2025-08-23,토,26,2,18
1712,2025-08-22,금,45,1,18
1713,2025-08-21,목,69,5,18
1714,2025-08-20,수,71,3,18
1715,2025-08-19,화,68,0,18
1716,2025-08-18,월,46,0,18
1717,2025-08-17,일,26,2,18
1718,2025-08-16,토,27,0,18
1719,2025-08-15,금,26,1,18
1720,2025-08-14,목,74,6,18
1721,2025-08-13,수,0,0,18
1722,2025-09-26,금,19,1,18
1723,2025-09-01,월,48,1,18
1724,2025-09-02,화,41,1,18
1725,2025-08-24,일,45,3,18
1726,2025-09-04,목,45,1,18
1727,2025-09-03,수,52,3,18
1728,2025-09-23,화,38,1,18
1729,2025-09-22,월,55,2,18
1730,2025-09-21,일,27,1,18
1731,2025-09-20,토,30,2,18
1732,2025-09-19,금,42,4,18
1733,2025-09-17,수,37,1,18
1734,2025-09-16,화,52,2,18
1735,2025-09-15,월,43,6,18
1736,2025-09-14,일,32,3,18
1737,2025-09-18,목,52,4,18
1738,2025-09-24,수,43,5,18
1739,2025-09-13,토,17,1,18
1740,2025-09-06,토,23,0,18
1741,2025-09-07,일,24,0,18
1742,2025-09-08,월,62,1,18
1743,2025-09-05,금,40,2,18
1744,2025-09-10,수,55,2,18
1745,2025-09-11,목,63,3,18
1746,2025-09-12,금,56,4,18
1747,2025-09-09,화,53,1,18
1748,2025-09-14,일,32,5,19
1749,2025-09-07,일,24,0,19
1750,2025-09-08,월,62,3,19
1751,2025-09-09,화,53,0,19
1752,2025-09-10,수,55,4,19
1753,2025-09-11,목,63,3,19
1754,2025-09-12,금,56,3,19
1755,2025-09-13,토,17,0,19
1756,2025-09-15,월,43,1,19
1757,2025-09-25,목,33,0,19
1758,2025-09-17,수,37,0,19
1759,2025-09-18,목,52,1,19
1760,2025-09-19,금,42,0,19
1761,2025-09-20,토,30,1,19
1762,2025-09-21,일,27,1,19
1763,2025-09-22,월,55,1,19
1764,2025-09-23,화,38,1,19
1765,2025-09-24,수,43,1,19
1766,2025-09-06,토,23,1,19
1767,2025-09-16,화,52,6,19
1768,2025-09-05,금,40,2,19
1769,2025-08-14,목,74,1,19
1770,2025-09-03,수,52,3,19
1771,2025-09-26,금,19,1,19
1772,2025-08-15,금,26,2,19
1773,2025-08-16,토,27,2,19
1774,2025-08-17,일,26,1,19
1775,2025-08-18,월,46,2,19
1776,2025-08-19,화,68,3,19
1777,2025-08-20,수,71,2,19
1778,2025-08-21,목,69,1,19
1779,2025-08-22,금,45,2,19
1780,2025-09-04,목,45,2,19
1781,2025-08-23,토,26,1,19
1782,2025-08-25,월,47,2,19
1783,2025-08-26,화,75,2,19
1784,2025-08-27,수,69,1,19
1785,2025-08-28,목,63,2,19
1786,2025-08-29,금,45,3,19
1787,2025-08-30,토,20,1,19
1788,2025-08-31,일,21,0,19
1789,2025-09-01,월,48,3,19
1790,2025-09-02,화,41,1,19
1791,2025-08-24,일,45,0,19
1792,2025-09-27,토,19,1,19
1793,2025-10-19,일,27,2,19
1794,2025-09-29,월,39,0,19
1795,2025-10-25,토,23,0,19
1796,2025-10-26,일,30,5,19
1797,2025-10-27,월,54,2,19
1798,2025-10-28,화,39,4,19
1799,2025-10-29,수,32,2,19
1800,2025-10-30,목,39,2,19
1801,2025-10-31,금,32,2,19
1802,2025-11-01,토,18,1,19
1803,2025-11-02,일,13,0,19
1804,2025-11-03,월,26,1,19
1805,2025-11-04,화,39,1,19
1806,2025-11-05,수,66,1,19
1807,2025-11-06,목,54,6,19
1808,2025-11-07,금,65,2,19
1809,2025-11-08,토,38,0,19
1810,2025-11-09,일,36,2,19
1811,2025-11-10,월,73,1,19
1812,2025-11-11,화,55,2,19
1813,2025-08-12,화,0,0,19
1814,2025-10-24,금,25,0,19
1815,2025-10-23,목,44,0,19
1816,2025-10-22,수,41,3,19
1817,2025-10-21,화,57,2,19
1818,2025-09-30,화,46,4,19
1819,2025-10-01,수,71,1,19
1820,2025-10-02,목,55,1,19
1821,2025-10-03,금,16,4,19
1822,2025-10-04,토,19,1,19
1823,2025-10-05,일,16,1,19
1824,2025-10-06,월,24,1,19
1825,2025-10-07,화,23,1,19
1826,2025-10-08,수,27,0,19
1827,2025-09-28,일,28,2,19
1828,2025-10-09,목,40,1,19
1829,2025-10-11,토,37,2,19
1830,2025-10-12,일,35,1,19
1831,2025-10-13,월,93,4,19
1832,2025-10-14,화,63,2,19
1833,2025-10-15,수,70,3,19
1834,2025-10-16,목,56,2,19
1835,2025-10-17,금,42,4,19
1836,2025-10-18,토,30,1,19
1837,2025-10-20,월,55,3,19
1838,2025-10-10,금,45,4,19
1839,2025-08-13,수,0,0,19
1840,2025-11-10,월,73,1,20
1841,2025-08-13,수,0,0,20
1842,2025-10-17,금,42,1,20
1843,2025-10-16,목,56,3,20
1844,2025-10-15,수,70,3,20
1845,2025-10-14,화,63,1,20
1846,2025-10-13,월,93,5,20
1847,2025-10-12,일,35,3,20
1848,2025-10-11,토,37,1,20
1849,2025-10-10,금,45,2,20
1850,2025-10-09,목,40,0,20
1851,2025-10-08,수,27,0,20
1852,2025-10-07,화,23,3,20
1853,2025-10-06,월,24,3,20
1854,2025-10-05,일,16,1,20
1855,2025-10-04,토,19,2,20
1856,2025-10-03,금,16,1,20
1857,2025-10-02,목,55,5,20
1858,2025-10-01,수,71,3,20
1859,2025-09-30,화,46,3,20
1860,2025-09-29,월,39,3,20
1861,2025-10-18,토,30,3,20
1862,2025-09-28,일,28,0,20
1863,2025-10-19,일,27,0,20
1864,2025-10-21,화,57,1,20
1865,2025-11-09,일,36,2,20
1866,2025-11-08,토,38,0,20
1867,2025-11-07,금,65,3,20
1868,2025-11-06,목,54,1,20
1869,2025-11-05,수,66,1,20
1870,2025-11-04,화,39,3,20
1871,2025-11-03,월,26,0,20
1872,2025-11-02,일,13,2,20
1873,2025-11-01,토,18,3,20
1874,2025-10-31,금,32,1,20
1875,2025-10-30,목,39,0,20
1876,2025-10-29,수,32,1,20
1877,2025-10-28,화,39,2,20
1878,2025-10-27,월,54,2,20
1879,2025-10-26,일,30,5,20
1880,2025-10-25,토,23,1,20
1881,2025-10-24,금,25,0,20
1882,2025-10-23,목,44,2,20
1883,2025-10-22,수,41,3,20
1884,2025-10-20,월,55,2,20
1885,2025-08-12,화,0,0,20
1886,2025-09-27,토,19,0,20
1887,2025-11-11,화,55,6,20
1888,2025-09-01,월,48,2,20
1889,2025-08-31,일,21,2,20
1890,2025-08-30,토,20,0,20
1891,2025-08-29,금,45,0,20
1892,2025-08-28,목,63,2,20
1893,2025-08-27,수,69,2,20
1894,2025-08-26,화,75,3,20
1895,2025-08-25,월,47,1,20
1896,2025-08-24,일,45,2,20
1897,2025-08-23,토,26,0,20
1898,2025-08-22,금,45,1,20
1899,2025-08-21,목,69,3,20
1900,2025-08-20,수,71,12,20
1901,2025-08-19,화,68,4,20
1902,2025-08-18,월,46,1,20
1903,2025-08-17,일,26,4,20
1904,2025-08-16,토,27,1,20
1905,2025-08-15,금,26,0,20
1906,2025-08-14,목,74,4,20
1907,2025-09-02,화,41,6,20
1908,2025-09-26,금,19,2,20
1909,2025-09-03,수,52,6,20
1910,2025-09-05,금,40,3,20
1911,2025-09-24,수,43,2,20
1912,2025-09-23,화,38,1,20
1913,2025-09-22,월,55,4,20
1914,2025-09-21,일,27,2,20
1915,2025-09-20,토,30,3,20
1916,2025-09-19,금,42,1,20
1917,2025-09-18,목,52,0,20
1918,2025-09-17,수,37,4,20
1919,2025-09-16,화,52,1,20
1920,2025-09-15,월,43,0,20
1921,2025-09-14,일,32,2,20
1922,2025-09-13,토,17,0,20
1923,2025-09-12,금,56,0,20
1924,2025-09-11,목,63,2,20
1925,2025-09-10,수,55,4,20
1926,2025-09-09,화,53,1,20
1927,2025-09-08,월,62,4,20
1928,2025-09-07,일,24,2,20
1929,2025-09-06,토,23,2,20
1930,2025-09-04,목,45,2,20
1931,2025-09-25,목,33,0,20
1932,2025-09-26,금,19,0,21
1933,2025-08-13,수,0,0,21
1934,2025-10-18,토,30,3,21
1935,2025-10-17,금,42,2,21
1936,2025-10-16,목,56,1,21
1937,2025-10-15,수,70,1,21
1938,2025-10-14,화,63,4,21
1939,2025-10-13,월,93,6,21
1940,2025-10-12,일,35,4,21
1941,2025-10-11,토,37,0,21
1942,2025-10-10,금,45,2,21
1943,2025-10-09,목,40,2,21
1944,2025-10-08,수,27,1,21
1945,2025-10-07,화,23,2,21
1946,2025-10-06,월,24,3,21
1947,2025-10-05,일,16,0,21
1948,2025-10-04,토,19,1,21
1949,2025-10-03,금,16,3,21
1950,2025-10-02,목,55,3,21
1951,2025-10-01,수,71,5,21
1952,2025-09-30,화,46,5,21
1953,2025-10-19,일,27,0,21
1954,2025-10-20,월,55,2,21
1955,2025-10-21,화,57,3,21
1956,2025-10-22,수,41,0,21
1957,2025-08-12,화,0,0,21
1958,2025-11-10,월,73,3,21
1959,2025-11-09,일,36,1,21
1960,2025-11-08,토,38,0,21
1961,2025-11-07,금,65,4,21
1962,2025-11-06,목,54,2,21
1963,2025-11-05,수,66,1,21
1964,2025-11-04,화,39,1,21
1965,2025-11-03,월,26,2,21
1966,2025-09-29,월,39,6,21
1967,2025-11-02,일,13,2,21
1968,2025-10-31,금,32,1,21
1969,2025-10-30,목,39,1,21
1970,2025-10-29,수,32,1,21
1971,2025-10-28,화,39,4,21
1972,2025-10-27,월,54,2,21
1973,2025-10-26,일,30,2,21
1974,2025-10-25,토,23,1,21
1975,2025-10-24,금,25,2,21
1976,2025-10-23,목,44,5,21
1977,2025-11-01,토,18,0,21
1978,2025-09-28,일,28,6,21
1979,2025-11-11,화,55,0,21
1980,2025-08-26,화,75,2,21
1981,2025-09-02,화,41,1,21
1982,2025-09-01,월,48,3,21
1983,2025-08-30,토,20,0,21
1984,2025-08-29,금,45,0,21
1985,2025-08-28,목,63,5,21
1986,2025-08-27,수,69,5,21
1987,2025-09-27,토,19,1,21
1988,2025-08-25,월,47,1,21
1989,2025-08-24,일,45,3,21
1990,2025-08-23,토,26,0,21
1991,2025-08-22,금,45,2,21
1992,2025-08-21,목,69,6,21
1993,2025-08-20,수,71,1,21
1994,2025-08-19,화,68,3,21
1995,2025-08-18,월,46,1,21
1996,2025-08-17,일,26,2,21
1997,2025-08-16,토,27,2,21
1998,2025-08-15,금,26,1,21
1999,2025-08-14,목,74,0,21
2000,2025-09-03,수,52,1,21
2001,2025-09-04,목,45,3,21
2002,2025-08-31,일,21,2,21
2003,2025-09-06,토,23,4,21
2004,2025-09-25,목,33,2,21
2005,2025-09-24,수,43,1,21
2006,2025-09-23,화,38,4,21
2007,2025-09-22,월,55,2,21
2008,2025-09-21,일,27,4,21
2009,2025-09-20,토,30,2,21
2010,2025-09-05,금,40,3,21
2011,2025-09-18,목,52,0,21
2012,2025-09-17,수,37,1,21
2013,2025-09-16,화,52,2,21
2014,2025-09-19,금,42,0,21
2015,2025-09-14,일,32,2,21
2016,2025-09-15,월,43,1,21
2017,2025-09-08,월,62,4,21
2018,2025-09-09,화,53,2,21
2019,2025-09-07,일,24,1,21
2020,2025-09-11,목,63,4,21
2021,2025-09-12,금,56,4,21
2022,2025-09-13,토,17,0,21
2023,2025-09-10,수,55,2,21
2024,2025-10-10,금,45,2,22
2025,2025-10-17,금,42,3,22
2026,2025-10-16,목,56,2,22
2027,2025-10-15,수,70,3,22
2028,2025-10-14,화,63,1,22
2029,2025-10-13,월,93,7,22
2030,2025-10-12,일,35,3,22
2031,2025-10-11,토,37,1,22
2032,2025-10-09,목,40,2,22
2033,2025-08-14,목,74,3,22
2034,2025-10-07,화,23,0,22
2035,2025-10-06,월,24,0,22
2036,2025-10-05,일,16,1,22
2037,2025-10-04,토,19,1,22
2038,2025-10-03,금,16,1,22
2039,2025-10-02,목,55,2,22
2040,2025-10-01,수,71,3,22
2041,2025-09-30,화,46,2,22
2042,2025-10-08,수,27,1,22
2043,2025-10-18,토,30,0,22
2044,2025-11-09,일,36,0,22
2045,2025-10-20,월,55,2,22
2046,2025-09-29,월,39,0,22
2047,2025-11-08,토,38,2,22
2048,2025-11-07,금,65,0,22
2049,2025-11-06,목,54,1,22
2050,2025-11-05,수,66,1,22
2051,2025-11-04,화,39,0,22
2052,2025-11-03,월,26,0,22
2053,2025-11-02,일,13,2,22
2054,2025-11-01,토,18,0,22
2055,2025-10-19,일,27,2,22
2056,2025-10-31,금,32,0,22
2057,2025-10-29,수,32,3,22
2058,2025-10-28,화,39,0,22
2059,2025-10-27,월,54,0,22
2060,2025-10-26,일,30,2,22
2061,2025-10-25,토,23,2,22
2062,2025-10-24,금,25,2,22
2063,2025-10-23,목,44,3,22
2064,2025-10-22,수,41,3,22
2065,2025-10-21,화,57,3,22
2066,2025-10-30,목,39,3,22
2067,2025-09-28,일,28,3,22
2068,2025-09-06,토,23,2,22
2069,2025-09-26,금,19,1,22
2070,2025-09-01,월,48,2,22
2071,2025-08-31,일,21,1,22
2072,2025-08-30,토,20,1,22
2073,2025-08-29,금,45,0,22
2074,2025-08-28,목,63,3,22
2075,2025-08-27,수,69,2,22
2076,2025-08-26,화,75,3,22
2077,2025-08-25,월,47,2,22
2078,2025-08-24,일,45,3,22
2079,2025-08-23,토,26,1,22
2080,2025-08-22,금,45,4,22
2081,2025-08-21,목,69,3,22
2082,2025-08-20,수,71,2,22
2083,2025-08-19,화,68,5,22
2084,2025-08-18,월,46,1,22
2085,2025-08-17,일,26,1,22
2086,2025-08-16,토,27,6,22
2087,2025-08-15,금,26,0,22
2088,2025-11-10,월,73,6,22
2089,2025-09-02,화,41,2,22
2090,2025-09-27,토,19,1,22
2091,2025-09-03,수,52,0,22
2092,2025-09-05,금,40,0,22
2093,2025-09-25,목,33,1,22
2094,2025-09-24,수,43,1,22
2095,2025-09-23,화,38,2,22
2096,2025-09-22,월,55,3,22
2097,2025-09-21,일,27,2,22
2098,2025-09-20,토,30,2,22
2099,2025-09-19,금,42,2,22
2100,2025-09-18,목,52,0,22
2101,2025-09-17,수,37,2,22
2102,2025-09-16,화,52,1,22
2103,2025-09-15,월,43,3,22
2104,2025-09-14,일,32,4,22
2105,2025-09-13,토,17,1,22
2106,2025-09-12,금,56,3,22
2107,2025-09-11,목,63,0,22
2108,2025-09-10,수,55,3,22
2109,2025-09-09,화,53,3,22
2110,2025-09-08,월,62,2,22
2111,2025-09-07,일,24,2,22
2112,2025-09-04,목,45,5,22
2113,2025-11-11,화,55,1,22
2114,2025-08-13,수,0,0,22
2115,2025-08-12,화,0,0,22
2116,2025-11-11,화,55,0,23
2117,2025-09-04,목,45,1,23
2118,2025-09-05,금,40,2,23
2119,2025-09-06,토,23,1,23
2120,2025-09-07,일,24,2,23
2121,2025-09-08,월,62,2,23
2122,2025-09-09,화,53,3,23
2123,2025-09-10,수,55,2,23
2124,2025-09-11,목,63,4,23
2125,2025-09-12,금,56,1,23
2126,2025-09-13,토,17,1,23
2127,2025-09-14,일,32,2,23
2128,2025-09-15,월,43,1,23
2129,2025-09-16,화,52,2,23
2130,2025-09-17,수,37,2,23
2131,2025-09-18,목,52,0,23
2132,2025-09-19,금,42,0,23
2133,2025-09-20,토,30,2,23
2134,2025-09-21,일,27,3,23
2135,2025-09-22,월,55,2,23
2136,2025-09-03,수,52,2,23
2137,2025-09-02,화,41,1,23
2138,2025-09-01,월,48,2,23
2139,2025-08-31,일,21,5,23
2140,2025-08-12,화,0,0,23
2141,2025-08-13,수,0,0,23
2142,2025-08-14,목,74,2,23
2143,2025-08-15,금,26,3,23
2144,2025-08-16,토,27,1,23
2145,2025-08-17,일,26,3,23
2146,2025-08-18,월,46,6,23
2147,2025-08-19,화,68,2,23
2148,2025-08-20,수,71,3,23
2149,2025-08-21,목,69,0,23
2150,2025-08-22,금,45,3,23
2151,2025-08-23,토,26,3,23
2152,2025-08-24,일,45,5,23
2153,2025-08-25,월,47,2,23
2154,2025-08-26,화,75,2,23
2155,2025-08-27,수,69,1,23
2156,2025-08-28,목,63,0,23
2157,2025-08-29,금,45,3,23
2158,2025-08-30,토,20,1,23
2159,2025-09-23,화,38,3,23
2160,2025-11-10,월,73,2,23
2161,2025-09-24,수,43,3,23
2162,2025-09-26,금,19,1,23
2163,2025-10-22,수,41,2,23
2164,2025-10-23,목,44,3,23
2165,2025-10-24,금,25,0,23
2166,2025-10-25,토,23,1,23
2167,2025-10-26,일,30,1,23
2168,2025-10-27,월,54,1,23
2169,2025-10-28,화,39,0,23
2170,2025-10-29,수,32,1,23
2171,2025-10-30,목,39,0,23
2172,2025-10-31,금,32,1,23
2173,2025-11-01,토,18,1,23
2174,2025-11-02,일,13,0,23
2175,2025-11-03,월,26,0,23
2176,2025-11-04,화,39,3,23
2177,2025-11-05,수,66,2,23
2178,2025-11-06,목,54,1,23
2179,2025-11-07,금,65,2,23
2180,2025-11-08,토,38,0,23
2181,2025-11-09,일,36,4,23
2182,2025-10-21,화,57,2,23
2183,2025-10-20,월,55,0,23
2184,2025-10-19,일,27,0,23
2185,2025-10-18,토,30,4,23
2186,2025-09-28,일,28,1,23
2187,2025-09-29,월,39,2,23
2188,2025-09-30,화,46,3,23
2189,2025-10-01,수,71,5,23
2190,2025-10-02,목,55,2,23
2191,2025-10-03,금,16,0,23
2192,2025-10-04,토,19,1,23
2193,2025-10-05,일,16,2,23
2194,2025-10-06,월,24,0,23
2195,2025-09-25,목,33,1,23
2196,2025-10-07,화,23,1,23
2197,2025-10-09,목,40,8,23
2198,2025-10-10,금,45,1,23
2199,2025-10-11,토,37,3,23
2200,2025-10-12,일,35,1,23
2201,2025-10-13,월,93,2,23
2202,2025-10-14,화,63,5,23
2203,2025-10-15,수,70,1,23
2204,2025-10-16,목,56,1,23
2205,2025-10-17,금,42,2,23
2206,2025-10-08,수,27,1,23
2207,2025-09-27,토,19,1,23
